Rank,Name,Country,Sales $,Profit $,Assets $,Market Value $
1,ICBC,China,190500000000,45800000000,4914700000000,249500000000
2,JPMorgan Chase,United States,136200000000,40400000000,3689300000000,464800000000
3,Berkshire Hathaway,United States,245500000000,42500000000,873700000000,624400000000
4,China Construction Bank,China,173500000000,39300000000,4301700000000,210400000000
5,Saudi Arabian Oil Company (Saudi Aramco),Saudi Arabia,229700000000,49300000000,510300000000,1897200000000
6,Apple,United States,294000000000,63900000000,354100000000,2252300000000
7,Bank of America,United States,98800000000,17900000000,2832200000000,336300000000
8,Ping An Insurance Group,China,169100000000,20800000000,1453800000000,211200000000
9,Agricultural Bank of China,China,153900000000,31300000000,4159900000000,140100000000
10,Amazon,United States,386100000000,21300000000,321200000000,1711800000000
11,Samsung Electronics,South Korea,200700000000,22100000000,348200000000,510500000000
12,Toyota Motor,Japan,249400000000,14300000000,561900000000,219200000000
13,Alphabet,United States,182400000000,40300000000,319600000000,1538900000000
14,Bank of China,China,134000000000,27900000000,3731400000000,116700000000
15,Microsoft,United States,153300000000,51300000000,304100000000,1966600000000
16,Citigroup,United States,84400000000,17100000000,2314300000000,151200000000
17,Volkswagen Group,Germany,254100000000,9500000000,646400000000,147200000000
18,Walmart,United States,559200000000,13500000000,252500000000,396100000000
19,Wells Fargo,United States,85900000000,7400000000,1959500000000,181500000000
20,Verizon Communications,United States,128300000000,17800000000,316500000000,241300000000
21,UnitedHealth Group,United States,262900000000,16900000000,205200000000,369600000000
22,China Merchants Bank,China,60400000000,14100000000,1278500000000,192800000000
23,Alibaba Group,China,93800000000,23300000000,250100000000,657500000000
24,Allianz,Germany,129900000000,7800000000,1357500000000,108000000000
25,Comcast,United States,103600000000,10500000000,273900000000,252400000000
26,Goldman Sachs Group,United States,61800000000,15100000000,1302000000000,116500000000
27,Softbank,Japan,70300000000,14900000000,366700000000,163100000000
28,Postal Savings Bank Of China (PSBC),China,67200000000,9300000000,1736200000000,112400000000
29,Tencent Holdings,China,70000000000,23300000000,203900000000,773800000000
30,BNP Paribas,France,102700000000,7600000000,3044800000000,79100000000
31,Morgan Stanley,United States,56700000000,13400000000,1158800000000,123900000000
32,China Mobile,Hong Kong,111300000000,15600000000,264200000000,134900000000
33,Facebook,United States,86000000000,29100000000,159300000000,870500000000
34,Johnson & Johnson,United States,82600000000,14700000000,174900000000,427100000000
35,Sony,Japan,79900000000,10100000000,250700000000,137300000000
36,Intel,United States,77900000000,20900000000,153100000000,263700000000
37,CVS Health,United States,268700000000,7200000000,238500000000,99600000000
38,RBC,Canada,42900000000,8800000000,1308200000000,135000000000
39,Nestlé,Switzerland,89900000000,13000000000,140300000000,333200000000
40,HSBC Holdings,United Kingdom,60600000000,4000000000,2984200000000,120300000000
41,Daimler,Germany,175900000000,4100000000,349600000000,99200000000
42,TD Bank Group,Canada,38800000000,9100000000,1358600000000,120600000000
43,Nippon Telegraph & Tel,Japan,110300000000,8300000000,231100000000,96700000000
44,Deutsche Telekom,Germany,115100000000,4700000000,345400000000,91600000000
45,General Electric,United States,79900000000,5600000000,255100000000,117600000000
46,Procter & Gamble,United States,74000000000,13800000000,120100000000,338000000000
47,General Motors,United States,122500000000,6400000000,235200000000,84600000000
48,Sinopec,China,271100000000,4800000000,265100000000,82600000000
49,China Life Insurance,China,113800000000,7300000000,651900000000,57300000000
50,Industrial Bank,China,53800000000,9700000000,1207200000000,66500000000
51,Sberbank,Russia,47300000000,10400000000,486900000000,85700000000
52,Mitsubishi UFJ Financial,Japan,56000000000,5200000000,3406500000000,69700000000
53,Cigna,United States,160600000000,8500000000,151500000000,87700000000
54,AXA Group,France,129500000000,3400000000,951500000000,67800000000
55,AIA Group,Hong Kong,42600000000,5800000000,321600000000,153700000000
56,Reliance Industries,India,61200000000,5700000000,166300000000,164900000000
57,Bank of Communications,China,67600000000,11100000000,1635800000000,47900000000
58,Pfizer,United States,47600000000,9600000000,154200000000,215200000000
59,IBM,United States,73600000000,5600000000,156000000000,119400000000
60,Roche Holding,Switzerland,62100000000,15200000000,97400000000,287100000000
61,BMW Group,Germany,112800000000,4300000000,282000000000,69800000000
62,MetLife,United States,67800000000,5400000000,795100000000,55800000000
63,PetroChina,China,280700000000,2900000000,380500000000,66700000000
64,LVMH Moët Hennessy Louis Vuitton,France,50900000000,5400000000,133000000000,380300000000
65,Novartis,Switzerland,48600000000,8100000000,132200000000,198600000000
66,Taiwan Semiconductor,Taiwan,48100000000,18700000000,98300000000,558100000000
67,Home Depot,United States,132100000000,12900000000,70600000000,352800000000
68,Shanghai Pudong Development,China,52300000000,8500000000,1215700000000,47400000000
69,Siemens,Germany,58000000000,4900000000,148600000000,139800000000
70,PepsiCo,United States,71300000000,7500000000,91200000000,199200000000
71,Oracle,United States,39700000000,12800000000,118100000000,227700000000
72,Sanofi,France,41100000000,14000000000,140100000000,127400000000
73,Enel,Italy,71400000000,3000000000,200000000000,105400000000
74,AbbVie,United States,45800000000,4600000000,150600000000,190400000000
75,Cisco Systems,United States,48000000000,10100000000,95600000000,222900000000
76,Zurich Insurance Group,Switzerland,58400000000,3800000000,413800000000,61700000000
77,Bank of Nova Scotia,Canada,30700000000,5100000000,911200000000,75300000000
78,Commonwealth Bank,Australia,22400000000,5700000000,816200000000,120700000000
79,BHP Group,Australia,46100000000,6900000000,103200000000,186100000000
80,UBS,Switzerland,32200000000,6500000000,1125800000000,57300000000
81,British American Tobacco,United States,33100000000,8200000000,188200000000,91600000000
82,Honda Motor,Japan,121800000000,3900000000,201300000000,52800000000
83,Intesa Sanpaolo,Italy,45800000000,3700000000,1226700000000,53300000000
84,Merck & Co.,United States,47800000000,7100000000,91600000000,196000000000
85,Sumitomo Mitsui Financial,Japan,38600000000,4900000000,2256800000000,48900000000
86,Rio Tinto,Luxembourg,44500000000,9700000000,97400000000,135300000000
87,Japan Post Holdings,Japan,106600000000,4200000000,2879000000000,34800000000
88,US Bancorp,United States,23100000000,6100000000,553400000000,86900000000
89,Anthem,United States,121900000000,4600000000,88300000000,92000000000
90,Charter Communications,United States,48100000000,3200000000,146100000000,124800000000
91,Unilever,United Kingdom,57800000000,6300000000,82800000000,151100000000
92,Dell Technologies,United States,94300000000,3300000000,123400000000,77400000000
93,Manulife,Canada,57200000000,4400000000,655000000000,41900000000
94,Hon Hai Precision,Taiwan,182000000000,3500000000,130800000000,60400000000
95,American Express,United States,38200000000,3100000000,191400000000,120500000000
96,China Vanke,China,62600000000,6100000000,285800000000,42200000000
97,GlaxoSmithKline,United Kingdom,43700000000,7400000000,109900000000,92900000000
98,Truist Financial,United States,24300000000,4900000000,517500000000,77800000000
99,Rosneft,Russia,70800000000,2000000000,207500000000,77700000000
100,China State Construction Engineering,China,215300000000,6100000000,323000000000,33000000000
101,JD.com,China,108300000000,7200000000,64600000000,119400000000
102,Coca-Cola,United States,33000000000,7700000000,87300000000,231300000000
103,Iberdrola,Spain,37800000000,4100000000,149900000000,86400000000
104,CITIC,Hong Kong,71300000000,7300000000,1256300000000,29500000000
105,Prudential,United Kingdom,54800000000,2100000000,469500000000,55700000000
106,KDDI,Japan,49300000000,6200000000,98400000000,72100000000
107,Bank of Montreal,Canada,24500000000,4100000000,761800000000,59400000000
108,Costco Wholesale,United States,178600000000,4300000000,54900000000,164100000000
109,Itaú Unibanco Holding,Brazil,37200000000,3700000000,389700000000,48500000000
110,State Bank of India,India,50600000000,3100000000,638100000000,40800000000
111,Chubb,Switzerland,36100000000,3500000000,172200000000,73300000000
112,Mitsubishi,Japan,116700000000,3100000000,179700000000,41600000000
113,Vale,Brazil,40400000000,5200000000,92100000000,99200000000
114,Capital One,United States,31600000000,2700000000,421600000000,62400000000
115,PNC Financial Services,United States,17400000000,8400000000,474400000000,75800000000
116,HDFC Bank,India,20700000000,4100000000,233600000000,105900000000
117,Credit Agricole,France,43500000000,2600000000,2399500000000,41000000000
118,Itochu,Japan,96600000000,4100000000,107800000000,47600000000
119,FedEx,United States,78700000000,3000000000,82800000000,76300000000
120,Vodafone,United Kingdom,49700000000,2800000000,183900000000,52600000000
121,Abbott Laboratories,United States,34600000000,4500000000,72500000000,220300000000
122,Visa,United States,21500000000,10400000000,80400000000,483900000000
123,SAP,Germany,31700000000,6300000000,71500000000,164200000000
124,Thermo Fisher Scientific,United States,32200000000,6400000000,69100000000,193700000000
125,China Pacific Insurance,China,61200000000,3600000000,266600000000,36300000000
126,Lowe's,United States,89600000000,5800000000,48300000000,149400000000
127,BlackRock,United States,18100000000,5300000000,177000000000,123900000000
128,China Citic Bank,China,50400000000,7100000000,1148500000000,26500000000
129,Mizuho Financial,Japan,30300000000,3700000000,2110500000000,36300000000
130,Deutsche Post,Germany,76200000000,3400000000,70500000000,72100000000
131,Medtronic,Ireland,27900000000,2900000000,97300000000,169700000000
132,Caterpillar,United States,41700000000,3000000000,78300000000,127300000000
133,Hitachi,Japan,78700000000,3200000000,106000000000,45900000000
134,Lockheed Martin,United States,65400000000,6800000000,50700000000,109200000000
135,Generali Group,Italy,90000000000,2000000000,668000000000,32300000000
136,Target,United States,93600000000,4400000000,51200000000,104000000000
137,Deere & Company,United States,37000000000,3500000000,75500000000,120100000000
138,Honeywell International,United States,32600000000,4800000000,64600000000,161200000000
139,SAIC Motor,China,106700000000,3000000000,140600000000,36400000000
140,Country Garden Holdings,China,67300000000,5100000000,308200000000,27200000000
141,ANZ,Australia,20300000000,2400000000,747100000000,63400000000
142,Charles Schwab,United States,13800000000,4000000000,563500000000,116900000000
143,Barclays,United Kingdom,27900000000,2000000000,1844700000000,44900000000
144,Broadcom,United States,24700000000,4000000000,77000000000,195500000000
145,Munich Re,Germany,73900000000,1400000000,368700000000,43500000000
146,Enbridge,Canada,28200000000,2500000000,125800000000,75600000000
147,ING Group,Netherlands,20100000000,2800000000,1146800000000,49300000000
148,China Minsheng Bank,China,49000000000,4900000000,1062800000000,24500000000
149,Linde,United Kingdom,27200000000,2500000000,88200000000,151600000000
150,Amgen,United States,25200000000,7300000000,62900000000,147200000000
151,Allstate,United States,44800000000,5600000000,117900000000,36700000000
152,PayPal,United States,21400000000,4200000000,70400000000,316900000000
153,Orange,France,48200000000,5500000000,135800000000,33000000000
154,Banco Bradesco,Brazil,26700000000,3200000000,306300000000,40900000000
155,Hyundai Motor,South Korea,88100000000,1200000000,192700000000,54000000000
156,Danaher,United States,22300000000,3600000000,76200000000,173300000000
157,Westpac Banking Group,Australia,21900000000,1500000000,654600000000,71800000000
158,L'Oréal,France,31900000000,4100000000,53400000000,225700000000
159,Petrobras,Brazil,52700000000,1400000000,190100000000,53300000000
160,NextEra Energy,United States,17200000000,2900000000,127700000000,158800000000
161,AstraZeneca,United Kingdom,27700000000,3200000000,66700000000,133900000000
162,China Everbright Bank,China,37100000000,5500000000,820800000000,23900000000
163,Salesforce.com,United States,21300000000,4100000000,66300000000,213600000000
164,Oversea-Chinese Banking,Singapore,24500000000,2600000000,394500000000,40100000000
165,Aviva,Venezuela,59000000000,3600000000,637700000000,22300000000
166,United Parcel Service,United States,84400000000,1400000000,62400000000,156000000000
167,Progressive,United States,42600000000,5700000000,60800000000,57800000000
168,NAB - National Australia Bank,Australia,18400000000,1700000000,621300000000,68100000000
169,Accenture,Ireland,45700000000,5500000000,40000000000,190900000000
170,Southern Company,United States,20200000000,3100000000,122900000000,68700000000
171,Canadian Imperial Bank,Canada,17600000000,3100000000,612900000000,44700000000
172,China Shenhua Energy,China,33900000000,5200000000,86100000000,42400000000
173,SK Hynix,South Korea,27000000000,4000000000,65500000000,84200000000
174,Philip Morris International,United States,28700000000,8000000000,44800000000,144800000000
175,VINCI,France,50100000000,1400000000,111500000000,61400000000
176,Mondelez International,United States,26600000000,3600000000,67800000000,82600000000
177,Lloyds Banking Group,United Kingdom,43400000000,1100000000,1191000000000,42500000000
178,Mitsui,Japan,59900000000,2400000000,114700000000,35000000000
179,Union Pacific,United States,19500000000,5300000000,63500000000,148500000000
180,3M,United States,32200000000,5400000000,47300000000,115100000000
181,CK Hutchison,Hong Kong,34300000000,3800000000,161800000000,31600000000
182,ICICI Bank,India,21300000000,2000000000,207900000000,52700000000
183,Midea Group,China,39100000000,3600000000,51500000000,85500000000
184,Exelon,United States,33400000000,2000000000,129300000000,45100000000
185,Credit Suisse Group,Switzerland,32600000000,2800000000,911600000000,25900000000
186,Eli Lilly,United States,24500000000,6200000000,46600000000,181400000000
187,CNOOC,Hong Kong,22500000000,3600000000,110300000000,48400000000
188,Legal & General Group,United Kingdom,64400000000,2100000000,770400000000,22900000000
189,Aflac,United States,22100000000,4800000000,164100000000,36800000000
190,China Resources Land,Hong Kong,27100000000,4300000000,132900000000,34500000000
191,BBVA-Banco Bilbao Vizcaya,Spain,32900000000,1500000000,900700000000,34800000000
192,HCA Healthcare,United States,51500000000,3800000000,47500000000,66400000000
193,Duke Energy,United States,23900000000,1400000000,167300000000,77400000000
194,América Móvil,Mexico,47300000000,2200000000,75600000000,48300000000
195,Takeda Pharmaceutical,Japan,30000000000,1700000000,119000000000,53300000000
196,DBS,Singapore,13200000000,3400000000,491900000000,55400000000
197,Bank of New York Mellon,United States,15900000000,3600000000,469600000000,40400000000
198,Longfor Group Holdings,China,27000000000,2900000000,117000000000,39400000000
199,Schneider Electric,France,28700000000,2400000000,60500000000,91300000000
200,Travelers,United States,32000000000,2700000000,109100000000,39200000000
201,McDonald's,United States,19200000000,4700000000,52600000000,173800000000
202,Poly Developments & Holdings Group,China,34300000000,3400000000,189400000000,26600000000
203,Tokio Marine Holdings,Japan,49700000000,1400000000,247600000000,34700000000
204,China Telecom,China,57000000000,3000000000,109300000000,27700000000
205,Nike,United States,38500000000,3400000000,36200000000,212200000000
206,Qualcomm,United States,26700000000,6700000000,37500000000,157000000000
207,Centene,United States,111100000000,1800000000,69800000000,37800000000
208,Micron Technology,United States,23500000000,3200000000,54100000000,101700000000
209,Cathay Financial,Taiwan,37900000000,2500000000,389400000000,23200000000
210,EDF,France,78700000000,741000000,374300000000,44400000000
211,Fubon Financial,Taiwan,35200000000,3100000000,328400000000,21700000000
212,Sun Life Financial,Canada,27000000000,1900000000,250500000000,30600000000
213,General Dynamics,United States,37900000000,3200000000,51300000000,52300000000
214,Møller-Maersk,Denmark,39600000000,2800000000,56100000000,47800000000
215,Volvo Group,Sweden,36800000000,2100000000,62200000000,52200000000
216,Altria Group,United States,20800000000,4500000000,47400000000,96900000000
217,Humana,United States,77100000000,3400000000,35100000000,56200000000
218,Anglo American,United Kingdom,30800000000,2100000000,62500000000,54600000000
219,Netflix,United States,25000000000,2800000000,39300000000,242100000000
220,HDFC,India,16200000000,2400000000,105000000000,62400000000
221,Qatar National Bank,Qatar,13100000000,3000000000,286300000000,45400000000
222,Xiaomi,China,35700000000,3000000000,38800000000,84500000000
223,Air Liquide,France,23400000000,2800000000,51400000000,79900000000
224,Nordea Bank,Finland,12700000000,2500000000,676100000000,42000000000
225,Northrop Grumman,United States,36800000000,3200000000,44500000000,55800000000
226,ABB,Switzerland,26000000000,5100000000,41100000000,67800000000
227,China Evergrande Group,China,74000000000,1200000000,351900000000,23900000000
228,Seven & I Holdings,Japan,54400000000,1700000000,65200000000,36900000000
229,KB Financial Group,South Korea,30800000000,2900000000,564400000000,18400000000
230,Sunac China Holdings,China,34100000000,5200000000,169500000000,18600000000
231,Kroger,United States,132500000000,2600000000,51600000000,28300000000
232,EMD Group,Germany,20000000000,2300000000,51600000000,77600000000
233,E.ON,Germany,69500000000,1000000000,123300000000,30700000000
234,PTT,Thailand,51600000000,1200000000,84900000000,36400000000
235,Telefónica,Spain,49100000000,1500000000,128500000000,24400000000
236,National Grid,United Kingdom,18800000000,1900000000,85000000000,44300000000
237,HP,United States,57700000000,3200000000,34700000000,42600000000
238,Danone,France,26900000000,2200000000,52300000000,46400000000
239,Panasonic,Japan,61900000000,1700000000,64600000000,30100000000
240,Power Corp of Canada,Canada,43900000000,1500000000,476400000000,18700000000
241,Mastercard,United States,15300000000,6400000000,33600000000,383600000000
242,Baidu,China,15500000000,3300000000,50900000000,75400000000
243,PICC,China,82400000000,2900000000,192000000000,14500000000
244,Fortum,Finland,55900000000,2100000000,70700000000,24000000000
245,Fresenius,Germany,41400000000,1900000000,81500000000,25400000000
246,Dow,United States,38500000000,1200000000,61500000000,48200000000
247,Archer Daniels Midland,United States,64400000000,1800000000,49700000000,33200000000
248,Shinhan Financial Group,South Korea,22900000000,2800000000,557200000000,17600000000
249,ASML Holding,Netherlands,15900000000,4100000000,33400000000,267600000000
250,American Electric,United States,14900000000,2200000000,84000000000,44000000000
251,Becton Dickinson,United States,18200000000,1600000000,54700000000,75800000000
252,Gree Electric Appliances,China,24300000000,2300000000,40300000000,55300000000
253,LafargeHolcim,Switzerland,24700000000,1800000000,60200000000,38900000000
254,China Railway Group,China,141600000000,3400000000,183500000000,12500000000
255,Automatic Data Processing,United States,14600000000,2500000000,49300000000,82600000000
256,NVIDIA,United States,16700000000,4300000000,28800000000,396100000000
257,KBC Group,Belgium,13600000000,1600000000,392400000000,31300000000
258,Royal Ahold Delhaize N.V.,Netherlands,85200000000,1600000000,49800000000,28600000000
259,Sun Hung Kai Properties,Hong Kong,11700000000,2800000000,100500000000,44500000000
260,Novo Nordisk,Denmark,19400000000,6400000000,23800000000,167300000000
261,Investor AB,Sweden,9600000000,5700000000,69500000000,66300000000
262,Tesla,United States,31500000000,690000000,52100000000,710100000000
263,Huaxia Bank,China,22900000000,3000000000,489200000000,14800000000
264,Kweichow Moutai,China,12200000000,6800000000,32600000000,395800000000
265,Citic Securities,China,12400000000,2200000000,161000000000,32100000000
266,KIA,South Korea,50100000000,1300000000,55700000000,31200000000
267,Japan Tobacco,Japan,19600000000,2900000000,52100000000,34100000000
268,Dollar General,United States,33700000000,2700000000,28500000000,51900000000
269,Posco,South Korea,49000000000,1400000000,72800000000,23400000000
270,State Street,United States,11400000000,2300000000,316900000000,28000000000
271,Tesco,United Kingdom,74800000000,1100000000,64000000000,24600000000
272,Banco do Brasil,Brazil,24000000000,2300000000,314000000000,15100000000
273,Baoshan Iron & Steel,China,39100000000,1600000000,52300000000,28000000000
274,Orix,Japan,21200000000,1900000000,129100000000,20000000000
275,Fiserv,United States,14900000000,958000000,74600000000,83400000000
276,China Unicom,Hong Kong,44000000000,1800000000,90500000000,17600000000
277,Wilmar International,Singapore,50500000000,1500000000,51000000000,25900000000
278,Sempra Energy,United States,11400000000,3900000000,66600000000,41800000000
279,LG Electronics,South Korea,53600000000,1700000000,44400000000,27200000000
280,NN Group,Netherlands,21100000000,2100000000,321400000000,15800000000
281,Mitsubishi Electric,Japan,38900000000,1600000000,43100000000,33100000000
282,Kering,France,14900000000,2500000000,34300000000,95000000000
283,Diageo,United Kingdom,14700000000,1400000000,44800000000,104400000000
284,Reckitt Benckiser Group,United Kingdom,17900000000,1500000000,42800000000,65700000000
285,Bank of Beijing,China,17900000000,2800000000,421200000000,15400000000
286,Poste Italiane,Italy,27600000000,1300000000,333200000000,16800000000
287,ViacomCBS,United States,25900000000,2400000000,52700000000,25400000000
288,Nomura,Japan,16500000000,2600000000,431900000000,16400000000
289,BT Group,United Kingdom,28100000000,1900000000,69200000000,21100000000
290,Henkel,Germany,21900000000,1600000000,37700000000,51500000000
291,Dai-ichi Life Insurance,Japan,57900000000,657600000,615600000000,20700000000
292,Korea Electric Power,South Korea,49600000000,1700000000,187000000000,13800000000
293,Ericsson,Sweden,25200000000,1900000000,33100000000,46900000000
294,United Overseas Bank,Singapore,9500000000,2000000000,326700000000,32800000000
295,TC Energy,Canada,9600000000,3400000000,78700000000,46600000000
296,Bank Of Shanghai,China,14000000000,2700000000,358800000000,18100000000
297,Adobe,United States,13700000000,5600000000,25000000000,251000000000
298,Fannie Mae,United States,109600000000,11800000000,3986100000000,2800000000
299,CNP Assurances,France,37500000000,1500000000,515700000000,13600000000
300,Inditex,Spain,23400000000,1300000000,32100000000,106100000000
301,Applied Materials,United States,18200000000,3900000000,23300000000,122700000000
302,BCE,Canada,17100000000,1800000000,47600000000,42100000000
303,Couche Tard,Canada,43100000000,2700000000,27500000000,35900000000
304,Saudi Telecom,Saudi Arabia,15700000000,3000000000,32500000000,64300000000
305,Bank of Ningbo,China,9300000000,2000000000,226400000000,34800000000
306,CaixaBank,Spain,11600000000,1600000000,552500000000,24700000000
307,Macquarie Group,Australia,9800000000,1500000000,165400000000,41800000000
308,IntercontinentalExchange,United States,7600000000,2100000000,126200000000,67900000000
309,Surgutneftegas,Russia,18800000000,8400000000,79400000000,16700000000
310,Deutsche Bank,Germany,35400000000,566600000,1621500000000,25800000000
311,AT&T,United States,171800000000,-5200000000,525800000000,213800000000
312,Tyson Foods,United States,42800000000,2000000000,35500000000,28200000000
313,Marsh & McLennan,United States,17200000000,2000000000,33000000000,64900000000
314,Ameriprise Financial,United States,12100000000,1500000000,165900000000,29000000000
315,First Abu Dhabi Bank,United Arab Emirates,7400000000,2800000000,250200000000,43300000000
316,Hartford Financial Services,United States,20500000000,1700000000,69200000000,23700000000
317,ExxonMobil,United States,178200000000,-22400000000,332800000000,239900000000
318,Freddie Mac,United States,68700000000,7300000000,2627400000000,1500000000
319,Vivendi,France,18300000000,1600000000,46600000000,37300000000
320,The Saudi National Bank,Saudi Arabia,6600000000,3000000000,159800000000,65300000000
321,CRH,United States,27500000000,1100000000,44900000000,38200000000
322,Tata Consultancy Services,India,22100000000,4400000000,17900000000,158900000000
323,Philips,Netherlands,22300000000,1400000000,34200000000,54800000000
324,Royal Dutch Shell,Netherlands,170200000000,-22200000000,379300000000,152000000000
325,Stryker,United States,14400000000,1600000000,34300000000,96800000000
326,Etisalat,United Arab Emirates,14100000000,2500000000,36200000000,51900000000
327,Mitsui Fudosan,Japan,19500000000,1700000000,73600000000,22200000000
328,Daiwa House Industry,Japan,39500000000,1800000000,48300000000,20600000000
329,Shin-Etsu Chemical,Japan,13700000000,2600000000,31500000000,72500000000
330,Daikin Industries,Japan,22900000000,1400000000,29500000000,61000000000
331,CSX,United States,10600000000,2800000000,40300000000,74900000000
332,Lennar,United States,23300000000,3000000000,30600000000,33200000000
333,LyondellBasell Industries,United Kingdom,27700000000,1400000000,35400000000,36000000000
334,Swiss Life Holding,Switzerland,23900000000,1100000000,269000000000,16400000000
335,Chevron,United States,94400000000,-5500000000,239800000000,198500000000
336,General Mills,United States,18600000000,2500000000,32600000000,37400000000
337,Newmont Mining,United States,11400000000,2800000000,41400000000,52400000000
338,Barrick Gold,Canada,12500000000,2300000000,46500000000,39500000000
339,China Railway Construction,China,131900000000,3300000000,190000000000,8900000000
340,Haier Smart Home,China,30300000000,1300000000,31100000000,41800000000
341,Anhui Conch Cement,China,22700000000,4900000000,25900000000,33000000000
342,Discover Financial Services,United States,13000000000,1100000000,113300000000,31300000000
343,Texas Instruments,United States,14500000000,5600000000,19400000000,177200000000
344,DNB,Norway,7500000000,2000000000,340900000000,34500000000
345,Total,France,119700000000,-7600000000,266100000000,118400000000
346,Nintendo,Japan,15800000000,4100000000,22500000000,71200000000
347,Fortescue Metals Group,Australia,15500000000,6300000000,24500000000,49600000000
348,China Yangtze Power,China,8300000000,3800000000,50000000000,71400000000
349,Cardinal Health,United States,156500000000,1400000000,44700000000,18000000000
350,Canadian National Railway,Canada,10300000000,2700000000,35600000000,84500000000
351,BP,United Kingdom,180000000000,-20900000000,267700000000,84500000000
352,Walt Disney,United States,60400000000,-5000000000,201900000000,339900000000
353,Hyundai Mobis,South Korea,31000000000,1300000000,44600000000,25300000000
354,Eaton,Ireland,17900000000,1400000000,31800000000,56200000000
355,Principal Financial Group,United States,14700000000,1400000000,296600000000,17200000000
356,New China Life Insurance,China,29900000000,2100000000,153100000000,11900000000
357,Johnson Controls International,Ireland,22100000000,923000000,41400000000,45000000000
358,Woolworths,Australia,46200000000,972800000,30500000000,41200000000
359,RWE Group,Germany,15600000000,1100000000,81000000000,27700000000
360,Bank Of Jiangsu,China,14900000000,2100000000,332700000000,14000000000
361,Santander,Spain,73600000000,-10000000000,1845400000000,59600000000
362,Bank Rakyat Indonesia (BRI),Indonesia,10000000000,1300000000,107600000000,36500000000
363,Fujitsu,Japan,34000000000,1600000000,29400000000,30300000000
364,Maybank,Malaysia,10500000000,1500000000,213000000000,22900000000
365,Toyota Industries,Japan,19400000000,1200000000,58200000000,27200000000
366,Larsen & Toubro,India,17800000000,2100000000,42000000000,25700000000
367,Gazprom,Russia,90500000000,-921200000,294900000000,73500000000
368,Norfolk Southern,United States,9800000000,2000000000,38400000000,73500000000
369,Synchrony Financial,United States,12800000000,1400000000,95900000000,24100000000
370,Keurig Dr Pepper,United States,11600000000,1300000000,49800000000,50700000000
371,L3Harris Technologies,United States,18200000000,1100000000,37000000000,43300000000
372,Greenland Holdings Group,China,68700000000,1300000000,206300000000,10400000000
373,BAE Systems,United States,24700000000,1700000000,38200000000,23200000000
374,Waste Management,United States,15200000000,1500000000,29700000000,57000000000
375,Brookfield Asset Management,Canada,63400000000,-175900000,343700000000,69700000000
376,Xcel Energy,United States,11500000000,1500000000,56300000000,37900000000
377,Anheuser-Busch InBev,Belgium,46800000000,-742000000,230000000000,134100000000
378,Raytheon Technologies,United States,63500000000,-3500000000,162200000000,118600000000
379,Emerson Electric,United States,16800000000,2100000000,23700000000,55300000000
380,Al Rajhi Bank,Saudi Arabia,5600000000,2800000000,125000000000,62800000000
381,Boeing,United States,58200000000,-11900000000,152100000000,144800000000
382,Sherwin-Williams,United States,18400000000,2000000000,20400000000,71400000000
383,VMware,United States,11800000000,2100000000,29000000000,68800000000
384,Ally Financial,United States,10500000000,2200000000,181900000000,17800000000
385,China Merchants Shekou Industrial Zone Holdings,China,17500000000,1800000000,112700000000,14500000000
386,Imperial Brands,United Kingdom,21200000000,1900000000,41800000000,20700000000
387,American Tower,United States,8000000000,1700000000,47200000000,110600000000
388,Norilsk Nickel,Russia,15700000000,3500000000,20700000000,53200000000
389,China National Building,China,37000000000,1800000000,69800000000,12900000000
390,Samsung Life Insurance,South Korea,24300000000,1100000000,309700000000,13000000000
391,Emirates NBD,United Arab Emirates,9700000000,1700000000,190100000000,20600000000
392,Ford Motor,United States,127100000000,-1300000000,267300000000,48800000000
393,Starbucks,United States,23200000000,664800000,30000000000,139300000000
394,China Communications Construction,China,90800000000,2300000000,199400000000,7800000000
395,CTBC Financial,Taiwan,13400000000,1500000000,235500000000,15300000000
396,AIRBUS,Netherlands,56900000000,-1300000000,134700000000,97600000000
397,Telecom Italia,Italy,18000000000,8200000000,89600000000,11300000000
398,Zijin Mining Group,China,26600000000,1200000000,29000000000,34900000000
399,National Bank of Canada,Canada,8100000000,1600000000,269000000000,23700000000
400,SEB AB,Sweden,7000000000,1700000000,370200000000,27700000000
401,Sompo,Japan,34400000000,931900000,123300000000,13700000000
402,Aon,Ireland,11100000000,2000000000,32100000000,54000000000
403,Weichai Power,China,28500000000,1300000000,41400000000,20100000000
404,Carrier Global,United States,17500000000,2000000000,25100000000,38100000000
405,Saint-Gobain,France,43500000000,519800000,59500000000,33800000000
406,Murata Manufacturing,Japan,14800000000,2000000000,23300000000,52900000000
407,Hengli Petrochemical,China,17800000000,1900000000,28400000000,31500000000
408,Recruit Holdings,Japan,21000000000,1200000000,20400000000,77300000000
409,Cosco Shipping,China,24900000000,1500000000,41600000000,19100000000
410,Bristol Myers Squibb,United States,42500000000,-9000000000,118500000000,146200000000
411,Danske Bank,Denmark,20900000000,617500000,675500000000,17000000000
412,Cummins,United States,19800000000,1800000000,22600000000,38700000000
413,OMV Group,Austria,18900000000,1400000000,63400000000,16800000000
414,Saudi Electricity,Saudi Arabia,18300000000,559200000,129400000000,27200000000
415,Glencore International,Switzerland,142400000000,-2000000000,118000000000,55200000000
416,D.R. Horton,United States,22200000000,2700000000,19800000000,35100000000
417,Best Buy,United States,47300000000,1800000000,19100000000,30000000000
418,Prudential Financial,United States,57000000000,-408000000,940700000000,39100000000
419,Stellantis,Netherlands,98800000000,33100000,122000000000,57000000000
420,Suzuki Motor,Japan,28500000000,1200000000,37100000000,21000000000
421,BASF,Germany,67400000000,-1200000000,100900000000,79700000000
422,Canon,Japan,29600000000,780400000,44800000000,24900000000
423,Fast Retailing,Japan,18900000000,903800000,23500000000,84700000000
424,Fifth Third Bank,United States,7400000000,1400000000,204700000000,27200000000
425,CME Group,United States,4900000000,2100000000,124700000000,74500000000
426,EnBW-Energie Baden,Germany,22500000000,679500000,60000000000,26500000000
427,Samsung C&T,South Korea,25600000000,907800000,50000000000,20500000000
428,CRRC,China,32900000000,1700000000,60000000000,12500000000
429,Bayer,Germany,47200000000,-12000000000,150300000000,63600000000
430,Toyota Tsusho,Japan,57000000000,1000000000,47000000000,15500000000
431,Public Service Enterprise Group,United States,9300000000,1900000000,50100000000,32000000000
432,Phoenix Group Holdings,United Kingdom,27900000000,993800000,443600000000,10500000000
433,Consolidated Edison,United States,12200000000,1100000000,62900000000,26800000000
434,Kimberly-Clark,United States,19100000000,2400000000,17500000000,47100000000
435,Wesfarmers,Australia,22900000000,1300000000,19700000000,48800000000
436,Bank Central Asia,Indonesia,6000000000,1900000000,76600000000,53100000000
437,Kraft Heinz Company,United States,26200000000,356000000,99800000000,50100000000
438,Paccar,United States,18700000000,1300000000,28300000000,33000000000
439,American International Group,United States,43700000000,-5900000000,512900000000,40600000000
440,Mitsubishi Estate,Japan,11700000000,1400000000,59800000000,23400000000
441,Equinor,Norway,45400000000,-5400000000,122000000000,63700000000
442,DTE Energy,United States,12300000000,1400000000,45500000000,27300000000
443,Lenovo Group,Hong Kong,55700000000,960600000,38600000000,16800000000
444,Fujifilm Holdings,Japan,20200000000,1200000000,32600000000,25200000000
445,Colgate-Palmolive,United States,16500000000,2700000000,15900000000,68500000000
446,Hana Financial Group,South Korea,12600000000,2200000000,423700000000,10700000000
447,Kotak Mahindra Bank,India,7500000000,1300000000,65300000000,47100000000
448,Telstra,Australia,15000000000,1200000000,33500000000,31500000000
449,Biogen,United States,10600000000,4000000000,24600000000,40700000000
450,Talanx,Germany,45700000000,767200000,216400000000,11000000000
451,Carrefour,France,82200000000,730700000,58200000000,14700000000
452,Standard Chartered,United Kingdom,21000000000,425800000,789100000000,21300000000
453,Svenska Handelsbanken,Sweden,6500000000,1700000000,381800000000,22800000000
454,Sumitomo Mitsui Trust,Japan,12100000000,1300000000,587900000000,13000000000
455,DISH Network,United States,15500000000,1800000000,38400000000,20000000000
456,Meituan,China,16700000000,659600000,25500000000,218600000000
457,Walgreens,United States,138500000000,-616000000,90900000000,46100000000
458,BYD,China,22300000000,584700000,30900000000,64900000000
459,Fosun International,China,19800000000,1200000000,117400000000,12100000000
460,ENGIE,France,63600000000,-1800000000,187400000000,35900000000
461,Eni,Italy,50100000000,-9800000000,137900000000,44300000000
462,Kubota,Japan,17400000000,1200000000,30900000000,28600000000
463,Shimao Property Holdings,Hong Kong,19800000000,1800000000,90200000000,10700000000
464,CK Asset Holdings,Hong Kong,8400000000,2100000000,67200000000,22900000000
465,Bank of Nanjing,China,9500000000,1800000000,219500000000,14200000000
466,Edp-energias De Portugal,Portugal,14400000000,913500000,52500000000,23800000000
467,LukOil,Russia,71800000000,209700000,81500000000,52300000000
468,Sany Heavy Industry,China,14400000000,2200000000,19300000000,41200000000
469,Grupo Mexico,Mexico,10300000000,1900000000,28400000000,40500000000
470,Michelin Group,France,23300000000,715900000,38700000000,26600000000
471,Komatsu,Japan,19900000000,791300000,34800000000,29300000000
472,NetEase,China,10700000000,1700000000,21700000000,73400000000
473,Asahi Group Holdings,Japan,19000000000,869400000,43000000000,22200000000
474,SK Telecom,South Korea,15800000000,1300000000,44100000000,19300000000
475,Air Products & Chemicals,United States,9000000000,1900000000,26100000000,63600000000
476,Athene Holding,Bermuda,14800000000,1500000000,197900000000,10600000000
477,eBay,United States,10700000000,5700000000,19300000000,44200000000
478,Freeport-McMoRan,United States,13900000000,590000000,42100000000,55600000000
479,Power Construction Corporation of China,China,53300000000,1000000000,132900000000,9100000000
480,LG Chem,South Korea,25800000000,434500000,38100000000,62500000000
481,Saudi Basic Industries,Saudi Arabia,31300000000,37000000,80000000000,93300000000
482,Bouygues,France,39600000000,793400000,49700000000,15900000000
483,Citizens Bank (Rhode IsIand),United States,7400000000,1600000000,187200000000,19100000000
484,Capgemini,France,18100000000,1100000000,26900000000,30600000000
485,Edison International,United States,13600000000,739000000,69400000000,23300000000
486,Magna International,Canada,32500000000,712700000,28600000000,28800000000
487,Dollar Tree,United States,25500000000,1300000000,20700000000,27400000000
488,Telenor,Norway,13000000000,1700000000,30000000000,25700000000
489,China Zheshang Bank,China,14200000000,1800000000,313200000000,9600000000
490,Entergy,United States,10000000000,1400000000,58200000000,21400000000
491,Lam Research,United States,11900000000,3000000000,15400000000,92000000000
492,Infosys,India,13500000000,2600000000,14800000000,77500000000
493,The Estée Lauder Companies,United States,14200000000,928000000,19600000000,113300000000
494,China Tower Corp.,China,11800000000,932700000,51600000000,25900000000
495,Corteva,United States,14200000000,681000000,42600000000,35200000000
496,CSL,Australia,9900000000,2600000000,17700000000,94700000000
497,Safran,France,19000000000,401300000,48400000000,66800000000
498,Banorte,Mexico,9400000000,1400000000,89700000000,17600000000
499,KeyCorp,United States,7300000000,1300000000,170300000000,20000000000
500,Lufax Holding,China,8300000000,1800000000,38100000000,34000000000
