[{
        "id": 1,
        "title": "[S1] How the coronavirus spread in Hong Kong",
        "genre": "infographic",
        "source": "SCMP",
        "year": "2020",
        "link": "https://multimedia.scmp.com/culture/article/SCMP-printed-graphics-memory/lonelyGraphics/202004A256.html",
        "tag": "stimuli",
        "topic": "Health",
        "description": "Where the COVID cases in Hong Kong came from.",
        "recommender": "E1",
        "method": "<span class='badge badge_1'>heavy use of red</span><span class='badge badge_1'>sharp/distorted shape</span>"
    },
    {
        "id": 2,
        "title": "[S2] On the Front Page, a Wall of Grief",
        "genre": "web",
        "source": "New York Times",
        "year": "2021",
        "link": "https://www.nytimes.com/interactive/2021/01/27/us/us-coronavirus-deaths-rate.html",
        "tag": "stimuli",
        "topic": "Health",
        "description": "Using 500,000 dots to represent trend of COVID-19 along a timeline.",
        "recommender": "E2",
        "method": "<span class='badge badge_1'>dense texture</span><span class='badge badge_3'>unit visualization</span><span class='badge badge_5'>stretched layout</span>"
    },
    {
        "id": 3,
        "title": "[S3] An Incalculable Loss",
        "genre": "web",
        "source": "New York Times",
        "year": "2020",
        "link": "https://www.nytimes.com/interactive/2020/05/24/us/us-coronavirus-deaths-100000.html",
        "tag": "stimuli",
        "topic": "Health",
        "description": "Introducing who are the 100,000 people who died from COVID-19.",
        "recommender": "E2",
        "method": "<span class='badge badge_1'>dark background</span><span class='badge badge_1'>dense texture</span><span class='badge badge_2'>details behind data</span><span class='badge badge_3'>emotive language</span><span class='badge badge_3'>unit visualization</span><span class='badge badge_4'>user behavior bound timer/counter</span><span class='badge badge_5'>stretched layout</span>"
    },
    {
        "id": 4,
        "title": "[S4] What does 425,000 Covid deaths sound like?",
        "genre": "video",
        "source": "CarniDC",
        "year": "2021",
        "link": "https://twitter.com/CarniDC/status/1356267830560366595",
        "tag": "stimuli",
        "topic": "Health",
        "description": "Using sound to encode the death toll based on Stimuli-S2.",
        "recommender": "E2",
        "method": "<span class='badge badge_1'>shrill/deep/pressing music</span><span class='badge badge_1'>dense texture</span><span class='badge badge_3'>unit visualization</span>"
    },
    {
        "id": 5,
        "title": "[S5] Who has died from Covid-19 in the US?",
        "genre": "web",
        "source": "Vox",
        "year": "2021",
        "link": "https://www.vox.com/22252693/covid-19-deaths-us-who-died",
        "tag": "stimuli",
        "topic": "Health",
        "description": "The mortality rate of COVID-19 by different genders, regions, and races.",
        "recommender": "E5",
        "method": "<span class='badge badge_1'>dark background</span><span class='badge badge_1'>dense texture</span><span class='badge badge_2'>picture with negative semantics</span>"
    },
    {
        "id": 6,
        "title": "[S6] 500,000 dead, a number almost too large to grasp",
        "genre": "web",
        "source": "Washington Post",
        "year": "2021",
        "link": "https://www.washingtonpost.com/nation/interactive/2021/500000-covid-deaths-visualized/",
        "tag": "stimuli",
        "topic": "Health",
        "description": "Explaining what does 500,000 death mean from three different perspectives.",
        "recommender": "E9",
        "method": "<span class='badge badge_1'>dark background</span><span class='badge badge_2'>picture with negative semantics</span><span class='badge badge_3'>concrete scale</span><span class='badge badge_5'>stretched layout</span>"
    },
    {
        "id": 7,
        "title": "[S7] One Year, 500,000 Deaths",
        "genre": "web",
        "source": "Buzzfeed",
        "year": "2021",
        "link": "https://www.buzzfeednews.com/article/peteraldhous/covid19-update-deaths-victims-america-half-million",
        "tag": "stimuli",
        "topic": "Health",
        "description": "The coronavirus exposed the rampant inequality in the US.",
        "recommender": "E5",
        "method": "<span class='badge badge_1'>big size</span><span class='badge badge_1'>heavy use of red</span><span class='badge badge_1'>dense texture</span><span class='badge badge_1'>sharp/distorted shape</span><span class='badge badge_2'>picture with negative semantics</span><span class='badge badge_3'>emotive language</span><span class='badge badge_4'>user behavior bound timer/counter</span>"
    },
    {
        "id": 8,
        "title": "[S8] How the Virus Won",
        "genre": "web",
        "source": "New York Times",
        "year": "2020",
        "link": "https://www.nytimes.com/interactive/2020/us/coronavirus-spread.html?smid=tw-nytimes&smtyp=cur",
        "tag": "stimuli",
        "topic": "Health",
        "description": "A data story that explains how COVID-19 spread in the US.",
        "recommender": "E6",
        "method": "<span class='badge badge_1'>dense texture</span><span class='badge badge_2'>details behind data</span><span class='badge badge_2'>metaphor with negative semantics</span>"
    },
    {
        "id": 9,
        "title": "[S9] People of the Pandemic",
        "genre": "web",
        "source": "Shirley Wu & Stephen Osserman",
        "year": "2020",
        "link": "https://peopleofthepandemicgame.com/",
        "tag": "stimuli",
        "topic": "Health",
        "description": "A newsgame that asks users to make decisions on their outdoor activities and see how the virus spreads.",
        "recommender": "E7",
        "method": "<span class='badge badge_2'>role-play game</span><span class='badge badge_3'>negative phrasing</span><span class='badge badge_4'>self-run animation</span><span class='badge badge_6'>tough task</span>"
    },
    {
        "id": 10,
        "title": "[S10] Coronavirus: How can we imagine the scale of Covid's death toll?",
        "genre": "web",
        "source": "BBC",
        "year": "2020",
        "link": "https://www.bbc.co.uk/news/resources/idt-7464500a-6368-4029-aa41-ab94e0ee09fb",
        "tag": "stimuli",
        "topic": "Health",
        "description": "Using animated flowers to show how COVID-19 cases increase over time.",
        "recommender": "E7",
        "method": "<span class='badge badge_1'>shrill/deep/pressing music</span><span class='badge badge_1'>dark background</span><span class='badge badge_1'>fade-out effect</span><span class='badge badge_2'>metaphor with negative semantics</span>"
    },
    {
        "id": 11,
        "title": "[S11] The pace of death",
        "genre": "web",
        "source": "Reuters",
        "year": "2021",
        "link": "https://graphics.reuters.com/HEALTH-CORONAVIRUS/DEATHS/xlbpgobgapq/index.html",
        "tag": "stimuli",
        "topic": "Health",
        "description": "Showing more than 5,400 people are dying each day visually.",
        "recommender": "E9",
        "method": "<span class='badge badge_1'>dark background</span><span class='badge badge_1'>dense texture</span><span class='badge badge_2'>picture with negative semantics</span><span class='badge badge_3'>concrete scale</span><span class='badge badge_3'>unit visualization</span><span class='badge badge_4'>self-run animation</span><span class='badge badge_4'>user behavior bound timer/counter</span><span class='badge badge_5'>stretched layout</span>"
    },
    {
        "id": 12,
        "title": "[S12] Lifelines: a pandemic undertow",
        "genre": "web",
        "source": "Periscopic",
        "year": "2021",
        "link": "https://lifelines.periscopic.com/",
        "tag": "stimuli",
        "topic": "Health",
        "description": "This story calls for the attention to the need for mental health and addiction support after the outbreak of COVID-19.",
        "recommender": "E5",
        "method": "<span class='badge badge_1'>dark background</span><span class='badge badge_1'>fade-out effect</span><span class='badge badge_2'>picture with negative semantics</span><span class='badge badge_2'>metaphor with negative semantics</span><span class='badge badge_3'>concrete scale</span><span class='badge badge_3'>negative phrasing</span>"
    },
    {
        "id": 13,
        "title": "[S13] What if all Covid‑19 deaths in Brazil happened in your neighborhood?",
        "genre": "web",
        "source": "Lupa, Google",
        "year": "2020",
        "link": "https://piaui.folha.uol.com.br/lupa/epicentro/en/",
        "tag": "stimuli",
        "topic": "Health",
        "description": "Imagine you live in Brazil and see how many of your neighbors have died because of COVID-19.",
        "recommender": "E9",
        "method": "<span class='badge badge_1'>dark background</span><span class='badge badge_1'>dense texture</span><span class='badge badge_2'>role-play game</span><span class='badge badge_3'>concrete scale</span><span class='badge badge_3'>unit visualization</span>"
    },
    {
        "id": 14,
        "title": "Hurricane Maria was a partly manmade disaster.",
        "genre": "web",
        "source": "Quartz",
        "year": "2018",
        "link": "https://hurricanemariasdead.com/",
        "tag": "",
        "topic": "Natural disaster",
        "description": "Thousands of people were killed by Hurricane Maria but not publicly identified.",
        "recommender": "E1",
        "method": "<span class='badge badge_1'>dark background</span><span class='badge badge_1'>fade-out effect</span><span class='badge badge_1'>sharp/distorted shape</span><span class='badge badge_2'>details behind data</span><span class='badge badge_3'>unit visualization</span>"
    },
    {
        "id": 15,
        "title": "Lost Mothers",
        "genre": "web",
        "source": "ProPublica",
        "year": "2017",
        "link": "https://www.propublica.org/article/lost-mothers-maternal-health-died-childbirth-pregnancy",
        "tag": "",
        "topic": "Health / Gender",
        "description": "This work talks about the mothers who died in childbirth and reported the stories of 16 mothers.",
        "recommender": "E1",
        "method": "<span class='badge badge_1'>dark background</span><span class='badge badge_1'>dense texture</span><span class='badge badge_2'>details behind data</span><span class='badge badge_2'>picture with negative semantics</span><span class='badge badge_3'>emotive language</span><span class='badge badge_3'>unit visualization</span><span class='badge badge_4'>self-run animation</span>"
    },
    {
        "id": 16,
        "title": "In Africa, a virus spreads",
        "genre": "web",
        "source": "Reuters",
        "year": "2018",
        "link": "https://graphics.reuters.com/HEALTH-EBOLA-CONGO/010081G62NR/index.html",
        "tag": "",
        "topic": "Health",
        "description": "A project that introduces the outbreak of Ebola in Africa.",
        "recommender": "E1",
        "method": "<span class='badge badge_1'>dark background</span><span class='badge badge_1'>heavy use of red</span><span class='badge badge_2'>picture with negative semantics</span>"
    },
    {
        "id": 17,
        "title": "Garden: A Memorial Dedicated to the Lives Lost in the Outbreak",
        "genre": "web",
        "source": "Caixin Media",
        "year": "2020",
        "link": "https://datanews.caixin.com/interactive/2020/THREEJS/blossom/",
        "tag": "covid",
        "topic": "Health",
        "description": "Using flowers to memorize the dead people in the pandemic.",
        "recommender": "E1",
        "method": "<span class='badge badge_1'>fade-out effect</span><span class='badge badge_2'>details behind data</span><span class='badge badge_2'>metaphor with negative semantics</span><span class='badge badge_3'>unit visualization</span><span class='badge badge_4'>self-run animation</span>"
    },
    {
        "id": 18,
        "title": "What 11699 Cases Tell Us About COVID-19?",
        "genre": "web",
        "source": "The Paper",
        "year": "2020",
        "link": "https://www.thepaper.cn/newsDetail_forward_10432995",
        "tag": "covid",
        "topic": "Health",
        "description": "Stories based on the epidemiologic investigation data in China.",
        "recommender": "E1",
        "method": "<span class='badge badge_1'>dark background</span><span class='badge badge_1'>sharp/distorted shape</span><span class='badge badge_2'>details behind data</span><span class='badge badge_2'>metaphor with negative semantics</span><span class='badge badge_3'>unit visualization</span>"
    },
    {
        "id": 19,
        "title": "The angry face of nature",
        "genre": "infographic",
        "source": "Mohamad Waked",
        "year": "2020",
        "link": "https://www.alhadaqa.com/wp-content/uploads/2020/12/pompeii_v2.html",
        "tag": "",
        "topic": "Natural disaster",
        "description": "A project that visualizes the notable natural disasters in the world.",
        "recommender": "E1",
        "method": "<span class='badge badge_1'>shrill/deep/pressing music</span><span class='badge badge_1'>dark background</span><span class='badge badge_1'>dense texture</span><span class='badge badge_1'>fade-out effect</span><span class='badge badge_1'>sharp/distorted shape</span><span class='badge badge_2'>picture with negative semantics</span><span class='badge badge_2'>metaphor with negative semantics</span><span class='badge badge_3'>emotive language</span>"
    },
    {
        "id": 20,
        "title": "Sepsin",
        "genre": "web",
        "source": "Dan McCarey",
        "year": "2019",
        "link": "http://sepsin.danmccarey.com/",
        "tag": "",
        "topic": "Politics / Media",
        "description": "This project visualizes the emotions expressed by Trump's twitters.",
        "recommender": "E1",
        "method": "<span class='badge badge_1'>heavy use of red</span><span class='badge badge_2'>metaphor with negative semantics</span><span class='badge badge_3'>emotive language</span>"
    },
    {
        "id": 21,
        "title": "The terrible numbers that grow with each mass shooting",
        "genre": "web",
        "source": "Washington Post",
        "year": "2012",
        "link": "https://www.washingtonpost.com/graphics/2018/national/mass-shootings-in-america/",
        "tag": "",
        "topic": "Society / Safety",
        "description": "1,322 people killed by gun shootings and who are the shooters",
        "recommender": "E2",
        "method": "<span class='badge badge_1'>big size</span><span class='badge badge_2'>details behind data</span><span class='badge badge_3'>emotive language</span><span class='badge badge_3'>unit visualization</span><span class='badge badge_5'>stretched layout</span>"
    },
    {
        "id": 22,
        "title": "百万逝者：新冠何以成为全球悲剧？",
        "genre": "web",
        "source": "The Paper",
        "year": "2020",
        "link": "http://h5.thepaper.cn/html/zt/2020/09/ybw/index.html",
        "tag": "covid",
        "topic": "Health",
        "description": "Where the millions of death of COVID-19 come from.",
        "recommender": "E2",
        "method": "<span class='badge badge_1'>dark background</span><span class='badge badge_1'>fade-out effect</span><span class='badge badge_2'>metaphor with negative semantics</span><span class='badge badge_4'>user behavior bound timer/counter</span>"
    },
    {
        "id": 23,
        "title": "Out of Sight, Out of Mind",
        "genre": "web",
        "source": "Pitch Interactive",
        "year": "2013",
        "link": "http://drones.pitchinteractive.com/",
        "tag": "",
        "topic": "Military",
        "description": "The innocent Pakistan people who were attacked by drones.",
        "recommender": "E2",
        "method": "<span class='badge badge_1'>dark background</span><span class='badge badge_1'>heavy use of red</span><span class='badge badge_2'>metaphor with negative semantics</span><span class='badge badge_3'>unit visualization</span><span class='badge badge_4'>self-run animation</span>"
    },
    {
        "id": 24,
        "title": "Iraq's bloody toll",
        "genre": "infographic",
        "source": "SCMP",
        "year": "2011",
        "link": "http://www.simonscarr.com/iraqs-bloody-toll",
        "tag": "",
        "topic": "Military",
        "description": "How many soldiers have sacrificed during the Iraq war.",
        "recommender": "E2",
        "method": "<span class='badge badge_1'>heavy use of red</span><span class='badge badge_2'>metaphor with negative semantics</span>"
    },
    {
        "id": 25,
        "title": "53027条留言背后，网络树洞里绝望者的自救与互助",
        "genre": "web",
        "source": "The Paper",
        "year": "2019",
        "link": "https://www.thepaper.cn/newsDetail_forward_4315606",
        "tag": "",
        "topic": "Society / Media",
        "description": "Mining the texts left by a melancholiac who has committed suicide.",
        "recommender": "E2",
        "method": "<span class='badge badge_1'>shrill/deep/pressing music</span>"
    },
    {
        "id": 26,
        "title": "Going gray",
        "genre": "web",
        "source": "Reuters",
        "year": "2019",
        "link": "https://graphics.reuters.com/JAPAN-AGING/010091PB2LH/index.html",
        "tag": "",
        "topic": "Society",
        "description": "Japan has become the most aged society in the world.",
        "recommender": "E3",
        "method": "<span class='badge badge_1'>big size</span><span class='badge badge_1'>dark background</span><span class='badge badge_2'>picture with negative semantics</span>"
    },
    {
        "id": 27,
        "title": "The Stories behind a line",
        "genre": "web",
        "source": "Federica FragapaneAlex Piacentini",
        "year": "2016",
        "link": "http://www.storiesbehindaline.com/",
        "tag": "",
        "topic": "Politics",
        "description": "A visual story of six asylum seekers' routes.",
        "recommender": "E4",
        "method": "<span class='badge badge_2'>details behind data</span>"
    },
    {
        "id": 28,
        "title": "The Water We Eat",
        "genre": "web",
        "source": "InfoDesignLab",
        "year": "2017",
        "link": "http://thewaterweeat.com/",
        "tag": "",
        "topic": "Environment",
        "description": "Showing how much water we use everyday and calling for water saving.",
        "recommender": "Experimenter",
        "method": "<span class='badge badge_1'>dense texture</span><span class='badge badge_3'>emotive language</span><span class='badge badge_3'>concrete scale</span><span class='badge badge_3'>negative phrasing</span><span class='badge badge_5'>stretched layout</span>"
    },
    {
        "id": 29,
        "title": "My Plastic Footprint",
        "genre": "physical art",
        "source": "Rogue Penguin",
        "year": "2020",
        "link": "https://www.myplasticfootprint.co.nz/about",
        "tag": "",
        "topic": "Environment",
        "description": "The author recycled the plastic she used and made them into sea turtles.",
        "recommender": "E4",
        "method": "<span class='badge badge_2'>picture with negative semantics</span><span class='badge badge_2'>metaphor with negative semantics</span>"
    },
    {
        "id": 30,
        "title": "Imaging Mental Health in America",
        "genre": "infographic",
        "source": "Giorgia Lupi",
        "year": "unknown",
        "link": "https://www.rand.org/about/nextgen/art-plus-data/giorgia-lupi/imaging-mental-health-in-america.html",
        "tag": "",
        "topic": "Health",
        "description": "How is the mental health of Americans.",
        "recommender": "E4",
        "method": "<span class='badge badge_1'>dark background</span><span class='badge badge_1'>sharp/distorted shape</span>"
    },
    {
        "id": 31,
        "title": "What vets are experiencing",
        "genre": "web",
        "source": "Periscopic",
        "year": "2014",
        "link": "https://works.periscopic.com/thewaitwecarry",
        "tag": "",
        "topic": "Society / Military",
        "description": "A story that reveals the current state of the ex-servicemen in the US.",
        "recommender": "E5",
        "method": "<span class='badge badge_1'>dark background</span><span class='badge badge_1'>dense texture</span><span class='badge badge_2'>details behind data</span><span class='badge badge_3'>unit visualization</span>"
    },
    {
        "id": 32,
        "title": "Beneath the blue: dive into a dazzling ocean under threat",
        "genre": "web",
        "source": "The Guardian",
        "year": "2021",
        "link": "https://www.theguardian.com/environment/ng-interactive/2021/feb/23/beneath-the-blue-dive-into-a-dazzling-ocean-under-threat-interactive",
        "tag": "",
        "topic": "Environment",
        "description": "The author splits the depth of the ocean into segments and explain the pollution in each segment.",
        "recommender": "E5",
        "method": "<span class='badge badge_1'>dark background</span><span class='badge badge_2'>picture with negative semantics</span><span class='badge badge_3'>concrete scale</span><span class='badge badge_5'>stretched layout</span>"
    },
    {
        "id": 33,
        "title": "A visual analysis of the MeToo Movement",
        "genre": "web",
        "source": "Valentina D'efilippo, Lucia Kocincova",
        "year": "2018",
        "link": "http://metoomentum.com/trending.html",
        "tag": "",
        "topic": "Society / Gender",
        "description": "A visualization of the posts about the #Metoo topic.",
        "recommender": "E6",
        "method": "<span class='badge badge_1'>dense texture</span><span class='badge badge_2'>details behind data</span><span class='badge badge_2'>metaphor with negative semantics</span><span class='badge badge_3'>unit visualization</span>"
    },
    {
        "id": 34,
        "title": "A plateful of plastic: Visualising the amount of microplastic we eat",
        "genre": "web",
        "source": "Reuters",
        "year": "2019",
        "link": "https://graphics.reuters.com/ENVIRONMENT-PLASTIC/0100B4TF2MQ/index.html",
        "tag": "",
        "topic": "Environment",
        "description": "Using data physicalization to show how much plastic we eat every day.",
        "recommender": "E6",
        "method": "<span class='badge badge_2'>picture with negative semantics</span><span class='badge badge_3'>concrete scale</span>"
    },
    {
        "id": 35,
        "title": "Educate your child",
        "genre": "web",
        "source": "Gabrielle LaMarr LeMee",
        "year": "2018",
        "link": "https://gabriellelamarrlemee.github.io/thesis-simulation/",
        "tag": "",
        "topic": "Education",
        "description": "A newsgame that asks users to make decisions for the education of their children.",
        "recommender": "E7",
        "method": "<span class='badge badge_1'>dark background</span><span class='badge badge_2'>role-play game</span>"
    },
    {
        "id": 36,
        "title": "India Elections 2019: The figures behind the faces",
        "genre": "web",
        "source": "Reuters",
        "year": "2019",
        "link": "https://graphics.reuters.com/INDIA-ELECTION-CRIMINAL-CANDIDATES/0100925031T/index.html",
        "tag": "",
        "topic": "Politics",
        "description": "The visualization of all the candidates in India elections which implies social inequality.",
        "recommender": "E7",
        "method": "<span class='badge badge_1'>dense texture</span><span class='badge badge_2'>picture with negative semantics</span><span class='badge badge_3'>unit visualization</span><span class='badge badge_5'>stretched layout</span>"
    },
    {
        "id": 37,
        "title": "Mapping Police Violence",
        "genre": "web",
        "source": "Samuel Sinyangwe",
        "year": "2021",
        "link": "https://mappingpoliceviolence.org/",
        "tag": "",
        "topic": "Society / Safety",
        "description": "The violence used by police officers and how it affects the community.",
        "recommender": "E8",
        "method": "<span class='badge badge_1'>big size</span><span class='badge badge_1'>heavy use of red</span><span class='badge badge_1'>dense texture</span><span class='badge badge_4'>self-run animation</span>"
    },
    {
        "id": 38,
        "title": "Explore 17,369 officers who used force in N.J.",
        "genre": "web",
        "source": "NJ.com",
        "year": "unknown",
        "link": "https://projects.nj.com/data/force-visual/",
        "tag": "",
        "topic": "Society / Safety",
        "description": "A story that investigates how the policemen in NJ used force and why.",
        "recommender": "E8",
        "method": "<span class='badge badge_1'>dark background</span><span class='badge badge_1'>dense texture</span><span class='badge badge_2'>details behind data</span><span class='badge badge_3'>unit visualization</span>"
    },
    {
        "id": 39,
        "title": "O cálculo de uma tragédia",
        "genre": "web",
        "source": "NEXO",
        "year": "2020",
        "link": "https://www.nexojornal.com.br/especial/2020/08/08/100-mil-mortes-no-Brasil-o-c%C3%A1lculo-de-uma-trag%C3%A9dia",
        "tag": "covid",
        "topic": "Health",
        "description": "Explaining the COVID-19 numbers in Brazil in a visual way.",
        "recommender": "E9",
        "method": "<span class='badge badge_1'>big size</span><span class='badge badge_1'>heavy use of red</span><span class='badge badge_1'>dense texture</span><span class='badge badge_2'>details behind data</span><span class='badge badge_3'>concrete scale</span><span class='badge badge_3'>unit visualization</span><span class='badge badge_4'>self-run animation</span><span class='badge badge_5'>stretched layout</span>"
    },
    {
        "id": 40,
        "title": "U.S. Gun Deaths",
        "genre": "web",
        "source": "Periscopic",
        "year": "unknown",
        "link": "https://guns.periscopic.com/",
        "tag": "",
        "topic": "Society / Safety",
        "description": "How many lives have been stolen by gun shootings and who they are.",
        "recommender": "Experimenter",
        "method": "<span class='badge badge_1'>big size</span><span class='badge badge_1'>dark background</span><span class='badge badge_2'>details behind data</span><span class='badge badge_2'>metaphor with negative semantics</span><span class='badge badge_4'>self-run animation</span>"
    },
    {
        "id": 41,
        "title": "The Fallen of World War II",
        "genre": "data video, web",
        "source": "Neil Hallora",
        "year": "2016",
        "link": "http://www.fallen.io/ww2/",
        "tag": "",
        "topic": "Military",
        "description": "Explaining the death toll of WWII and reflecting on this tragedy.",
        "recommender": "Experimenter",
        "method": "<span class='badge badge_1'>shrill/deep/pressing music</span><span class='badge badge_1'>dark background</span><span class='badge badge_2'>picture with negative semantics</span><span class='badge badge_3'>emotive language</span><span class='badge badge_5'>stretched layout</span>"
    },
    {
        "id": 42,
        "title": "One LGBT+ person is killed every day in Brazil",
        "genre": "infographic",
        "source": "Evandro Damiao",
        "year": "2018",
        "link": "https://www.informationisbeautifulawards.com/showcase/3176-one-lgbt-person-is-killed-every-day-in-brazil",
        "tag": "",
        "topic": "Society",
        "description": "The violence to LGBT+ people in Brazil.",
        "recommender": "Experimenter",
        "method": "<span class='badge badge_1'>heavy use of red</span><span class='badge badge_2'>metaphor with negative semantics</span>"
    },
    {
        "id": 43,
        "title": "Do you know who's watching you",
        "genre": "infographic",
        "source": "Wordstream",
        "year": "unknown",
        "link": "https://visual.ly/community/Infographics/technology/do-you-know-whos-watching-you",
        "tag": "",
        "topic": "Society",
        "description": "The serious consequences brought by the leak of private data.",
        "recommender": "Experimenter",
        "method": "<span class='badge badge_2'>picture with negative semantics</span><span class='badge badge_3'>negative phrasing</span>"
    },
    {
        "id": 44,
        "title": "How Belarusian police beat protesters",
        "genre": "web",
        "source": "Mediazona",
        "year": "2020",
        "link": "https://mediazona.by/article/2020/11/03/minsk-beaten-en",
        "tag": "",
        "topic": "Society / Safety",
        "description": "Visualizing 1,406 people who have been beaten in a protest.",
        "recommender": "E9",
        "method": "<span class='badge badge_1'>heavy use of red</span><span class='badge badge_1'>dense texture</span><span class='badge badge_3'>unit visualization</span><span class='badge badge_5'>stretched layout</span>"
    },
    {
        "id": 45,
        "title": "Drowning in plastic",
        "genre": "web",
        "source": "Reuters",
        "year": "2019",
        "link": "https://graphics.reuters.com/ENVIRONMENT-PLASTIC/0100B275155/index.html",
        "tag": "",
        "topic": "Environment",
        "description": "Visualising the world’s addiction to plastic bottles.",
        "recommender": "E9",
        "method": "<span class='badge badge_1'>big size</span><span class='badge badge_3'>concrete scale</span><span class='badge badge_4'>self-run animation</span><span class='badge badge_4'>user behavior bound timer/counter</span>"
    },
    {
        "id": 46,
        "title": "Are You Rich? This Income-Rank Quiz Might Change How You See Yourself",
        "genre": "web",
        "source": "NYT",
        "year": "2019",
        "link": "https://www.nytimes.com/interactive/2019/08/01/upshot/are-you-rich.html",
        "tag": "",
        "topic": "Economy",
        "description": "Enter your income and see whether you are rich.",
        "recommender": "E9",
        "method": "<span class='badge badge_1'>big size</span><span class='badge badge_3'>negative phrasing</span>"
    },
    {
        "id": 47,
        "title": "River Plastic Emissions to the World's Oceans",
        "genre": "web",
        "source": "The Ocean Cleanup",
        "year": "2021",
        "link": "https://theoceancleanup.com/sources/#",
        "tag": "",
        "topic": "Environment",
        "description": "How plastic is sent to the ocean through various rivers in the world.",
        "recommender": "E4",
        "method": "<span class='badge badge_1'>dark background</span><span class='badge badge_4'>user behavior bound timer/counter</span>"
    },
    {
        "id": 48,
        "title": "The age of the “megafire”",
        "genre": "web",
        "source": "Reuters",
        "year": "2021",
        "link": "https://graphics.reuters.com/USA-WILDFIRES/EXTREMES/qzjvqmmravx/index.html",
        "tag": "",
        "topic": "Natural disaster",
        "description": "This story visualizes the 38 biggest megafires in western US.",
        "recommender": "E5",
        "method": "<span class='badge badge_1'>dark background</span><span class='badge badge_2'>picture with negative semantics</span><span class='badge badge_4'>self-run animation</span>"
    },
    {
        "id": 49,
        "title": "Do you know Africa?",
        "genre": "web",
        "source": "Washington Post",
        "year": "2014",
        "link": "https://www.washingtonpost.com/wp-srv/special/world/do-you-know-africa/",
        "tag": "",
        "topic": "Society",
        "description": "Users are asked to select the locations of African countries on the map.",
        "recommender": "E9",
        "method": "<span class='badge badge_6'>tough task</span>"
    },
    {
        "id": 50,
        "title": "HeartSaver",
        "genre": "web",
        "source": "Propublica",
        "year": "2013",
        "link": "https://projects.propublica.org/graphics/heartsaver",
        "tag": "",
        "topic": "Health",
        "description": "Play as a life server who needs to send the patients to the closest hospital.",
        "recommender": "E9",
        "method": "<span class='badge badge_2'>role-play game</span><span class='badge badge_6'>tough task</span>"
    },
    {
        "id": 51,
        "title": "Wealth shown to scale",
        "genre": "web",
        "source": "Mkorostoff",
        "year": "unknown",
        "link": "https://mkorostoff.github.io/1-pixel-wealth/",
        "tag": "",
        "topic": "Economy",
        "description": "A project that helps people understand how much wealth Jeff Bezos owns.",
        "recommender": "E9",
        "method": "<span class='badge badge_3'>concrete scale</span><span class='badge badge_5'>stretched layout</span>"
    },
    {
        "id": 52,
        "title": "Wie lange arbeiten Sie für das Gehalt der anderen?",
        "genre": "web",
        "source": "Morgenpost",
        "year": "2019",
        "link": "https://interaktiv.morgenpost.de/das-gehalt-der-anderen-gehaltsvergleich/",
        "tag": "",
        "topic": "Economy",
        "description": "How much time you need to spend to earn others' salary.",
        "recommender": "E9",
        "method": "<span class='badge badge_3'>concrete scale</span>"
    },
    {
        "id": 53,
        "title": "So schnell verdienen die deutschen Nationalspieler dein Monatsgehalt",
        "genre": "web",
        "source": "Morgenpost",
        "year": "2018",
        "link": "https://interaktiv.morgenpost.de/nationalmannschaft-gehalt/",
        "tag": "",
        "topic": "Economy",
        "description": "Comparing your income with that of the famous soccer stars.",
        "recommender": "E9",
        "method": "<span class='badge badge_3'>concrete scale</span>"
    },
    {
        "id": 54,
        "title": "Printing Money",
        "genre": "web",
        "source": "Neal Agarwal",
        "year": "unknown",
        "link": "https://neal.fun/printing-money/",
        "tag": "",
        "topic": "Economy",
        "description": "Comparing the income of laypeople with that of the billionnaires.",
        "recommender": "E9",
        "method": "<span class='badge badge_2'>metaphor with negative semantics</span><span class='badge badge_3'>concrete scale</span>"
    },
    {
        "id": 55,
        "title": "Steer through the Suez Canal",
        "genre": "web",
        "source": "CNN",
        "year": "2021",
        "link": "https://edition.cnn.com/interactive/2021/03/cnnix-steership/",
        "tag": "",
        "topic": "Traffic",
        "description": "Understand how the ship gets stuck in the Suez Canal by playing a game.",
        "recommender": "E9",
        "method": "<span class='badge badge_2'>role-play game</span><span class='badge badge_6'>tough task</span>"
    },
    {
        "id": 56,
        "title": "Wissen Sie noch, wo Deutschland geteilt war?",
        "genre": "web",
        "source": "Morgenpost",
        "year": "2018",
        "link": "https://interaktiv.morgenpost.de/innerdeutsche-grenze/",
        "tag": "",
        "topic": "Society",
        "description": "Draw the Berlin wall on the map and reflect on the history.",
        "recommender": "E9",
        "method": "<span class='badge badge_6'>tough task</span>"
    },
    {
        "id": 57,
        "title": "How powerful was the Beirut blast?",
        "genre": "web",
        "source": "Reuters",
        "year": "2020",
        "link": "https://graphics.reuters.com/LEBANON-SECURITY/BLAST/yzdpxnmqbpx/index.html",
        "tag": "",
        "topic": "Society",
        "description": "Explaining the huge scale of the Beirut blast visually.",
        "recommender": "E9",
        "method": "<span class='badge badge_1'>big size</span><span class='badge badge_2'>picture with negative semantics</span>"
    },
    {
        "id": 58,
        "title": "Derek Chauvin was found guilty – how typical is that of US police who kill?",
        "genre": "web",
        "source": "The Guardian",
        "year": "2021",
        "link": "https://www.theguardian.com/news/datablog/2021/apr/25/police-killings-statistics-derek-chauvin?utm_source=dlvr.it&utm_medium=twitter",
        "tag": "",
        "topic": "Society / Safety",
        "description": "Statistics on consequences for police officers who killed people.",
        "recommender": "E9",
        "method": "<span class='badge badge_5'>stretched layout</span>"
    },
    {
        "id": 59,
        "title": "Oil spilled at sea",
        "genre": "web",
        "source": "Reuters",
        "year": "2018",
        "link": "http://fingfx.thomsonreuters.com/gfx/rngs/OIL-SPILLS/010060SL1GQ/index.html",
        "tag": "",
        "topic": "Environment",
        "description": "The sinking of the tanker Sanchi was the worst oil shipping disaster in decades.",
        "recommender": "E9",
        "method": "<span class='badge badge_2'>picture with negative semantics</span><span class='badge badge_2'>metaphor with negative semantics</span><span class='badge badge_4'>self-run animation</span>"
    },
    {
        "id": 60,
        "title": "Swirling smoke: How Australia's bushfire smoke spread",
        "genre": "web",
        "source": "Reuters",
        "year": "2020",
        "link": "https://graphics.reuters.com/AUSTRALIA-BUSHFIRES-SMOK/0100B4W52R7/index.html",
        "tag": "",
        "topic": "Environment",
        "description": "How Australia's bushfire smoke spread and influenced air quality.",
        "recommender": "E9",
        "method": "<span class='badge badge_2'>picture with negative semantics</span><span class='badge badge_2'>metaphor with negative semantics</span><span class='badge badge_4'>self-run animation</span>"
    },
    {
        "id": 61,
        "title": "Cost of Health Care by Country",
        "genre": "infographic",
        "source": "national geographic",
        "year": "2011",
        "link": "https://thesocietypages.org/graphicsociology/2011/04/26/cost-of-health-care-by-country-national-geographic/",
        "tag": "",
        "topic": "Health / Economy",
        "description": "The cost of health care by different countries and regions.",
        "recommender": "E1",
        "method": "<span class='badge badge_5'>stretched layout</span>"
    },
    {
        "id": 62,
        "title": "How Bad Is Unemployment? ‘Literally Off the Charts’",
        "genre": "infographic",
        "source": "NYT",
        "year": "2020",
        "link": "https://www.nytimes.com/interactive/2020/05/08/business/economy/april-jobs-report.html",
        "tag": "",
        "topic": "Economy",
        "description": "The visualization of the jobless rate in the US.",
        "recommender": "E1",
        "method": "<span class='badge badge_1'>big size</span><span class='badge badge_5'>stretched layout</span>"
    },
    {
        "id": 63,
        "title": "A Growing Whirlpool",
        "genre": "web",
        "source": "Zhibang Jiang",
        "year": "2020",
        "link": "https://zhibang.design/work/bird",
        "tag": "",
        "topic": "Environment",
        "description": "A project that visualized the endangered birds, their current status, and how to protect them.",
        "recommender": "E8",
        "method": "<span class='badge badge_1'>shrill/deep/pressing music</span><span class='badge badge_1'>dense texture</span><span class='badge badge_2'>details behind data</span><span class='badge badge_2'>metaphor with negative semantics</span><span class='badge badge_3'>unit visualization</span>"
    },
    {
        "id": 64,
        "title": "Using the Interaction Geography Slicer to Visualize New York City Stop & Frisk",
        "genre": "web",
        "source": "IEEE 2017 VISAP",
        "year": "2017",
        "link": "https://www.benrydal.com/nycstopfrisk\nhttps://www.researchgate.net/publication/320409543_Using_the_Interaction_Geography_Slicer_to_Visualize_New_York_City_Stop_Frisk",
        "tag": "",
        "topic": "Society / Safety",
        "description": "The statistics of the Stop & Frisk in New York show that black people are more frequently stopped by cops.",
        "recommender": "E8",
        "method": "<span class='badge badge_1'>dense texture</span><span class='badge badge_3'>unit visualization</span>"
    },
    {
        "id": 65,
        "title": "Bulletin of the Atomic Scientists",
        "genre": "infographic",
        "source": "Pentagram",
        "year": "2021",
        "link": "http://giorgialupi.com/bullettin-of-the-atomic-scientists",
        "tag": "",
        "topic": "Society",
        "description": "A story that talks about the crisis for human beings, including the nuclear war, climate change, and disruptive technology.",
        "recommender": "E7",
        "method": "<span class='badge badge_1'>sharp/distorted shape</span><span class='badge badge_2'>picture with negative semantics</span>"
    },
    {
        "id": 66,
        "title": "China is surprisingly carbon-efficient—but still the world’s biggest emitter",
        "genre": "infographic",
        "source": "The Economist",
        "year": "2019",
        "link": "https://www.economist.com/graphic-detail/2019/05/25/china-is-surprisingly-carbon-efficient-but-still-the-worlds-biggest-emitter?fsrc=scn%2Ftw%2Fte%2Fbl%2Fed%2Fchinaissurprisinglycarbonefficientbutstilltheworldsbiggestemitternotsocoldcomfort&%3Ffsrc%3Dscn%2F=tw%2Fdc",
        "tag": "",
        "topic": "Environment",
        "description": "The amount of the CO2 emission of China.",
        "recommender": "E1",
        "method": "<span class='badge badge_2'>metaphor with negative semantics</span>"
    },
    {
        "id": 67,
        "title": "A Bird’s-Eye View of How Protesters Have Flooded Hong Kong Streets",
        "genre": "infographic",
        "source": "NYT",
        "year": "2019",
        "link": "https://www.nytimes.com/interactive/2019/06/20/world/asia/hong-kong-protest-size.html",
        "tag": "",
        "topic": "Politics",
        "description": "Rebuilding the scene of the protest in Hong Kong.",
        "recommender": "E1",
        "method": "<span class='badge badge_2'>picture with negative semantics</span>"
    },
    {
        "id": 68,
        "title": "CEO pay ratio",
        "genre": "web",
        "source": "Bloomberg",
        "year": "2021",
        "link": "https://www.bloomberg.com/graphics/ceo-pay-ratio/",
        "tag": "",
        "topic": "Economy",
        "description": "A comparison between the salary of CEOs and ordinary people.",
        "recommender": "E1",
        "method": "<span class='badge badge_1'>big size</span>"
    },
    {
        "id": 69,
        "title": "2017: the safest skies record",
        "genre": "infographic",
        "source": "SCMP",
        "year": "2018",
        "link": "https://multimedia.scmp.com/news/world/article/safety-aviation-2017/index.html",
        "tag": "",
        "topic": "Traffic",
        "description": "This project visualizes the accidents in sky in 2017.",
        "recommender": "E1",
        "method": "<span class='badge badge_1'>heavy use of red</span><span class='badge badge_1'>dense texture</span><span class='badge badge_3'>unit visualization</span>"
    },
    {
        "id": 70,
        "title": "A view on despair",
        "genre": "infographic",
        "source": "",
        "year": "2019",
        "link": "https://www.studioterp.nl/a-view-on-despair-a-datavisualization-project-by-studio-terp/",
        "tag": "",
        "topic": "Health / Society",
        "description": "An infographic that visualizes the suicide in the Netherland in 2017.",
        "recommender": "E2",
        "method": "<span class='badge badge_2'>metaphor with negative semantics</span><span class='badge badge_3'>unit visualization</span>"
    },
    {
        "id": 71,
        "title": "The true death toll of COVID-19",
        "genre": "web",
        "source": "WHO",
        "year": "2021",
        "link": "https://www.who.int/data/stories/the-true-death-toll-of-covid-19-estimating-global-excess-mortality",
        "tag": "covid",
        "topic": "Health",
        "description": "The eatimated global excess mortality in the world.",
        "recommender": "E5",
        "method": "<span class='badge badge_1'>dark background</span>"
    },
    {
        "id": 72,
        "title": "Johns Hopkins COVID-19 Map",
        "genre": "web",
        "source": "Johns Hopkins",
        "year": "2020",
        "link": "https://coronavirus.jhu.edu/map.html",
        "tag": "covid",
        "topic": "Health",
        "description": "A dashboard of COVID-19 statistics. *whether it can be viewed as a data story is controversial.",
        "recommender": "E1",
        "method": "<span class='badge badge_1'>dark background</span><span class='badge badge_1'>heavy use of red</span><span class='badge badge_1'>dense texture</span>"
    }
]