[
    {"id":1,"video_title":"Harry Potter: Welcome to the fantasy world!","year":2010,"video_source":"JOY","video_link":"https://www.youtube.com/watch?v=jbkSRLYSojo"},
    {"id":2,"video_title":"Harry Potter: Welcome to the fantasy world!","year":2011,"video_source":"JOY","video_link":"https://www.youtube.com/watch?v=DxvVZe2fnvI"},
    {"id":3,"video_title":"Harry Potter: Welcome to the fantasy world!","year":2016,"video_source":"JOY","video_link":"https://www.youtube.com/watch?v=chYBlArm9Ao"},
    {"id":4,"video_title":"Harry Potter: Welcome to the fantasy world!","year":2014,"video_source":"AMUSEMENT","video_link":"https://www.youtube.com/watch?v=1GyIoYOLEQ8"},
    {"id":5,"video_title":"Harry Potter: Welcome to the fantasy world!","year":2018,"video_source":"AMUSEMENT","video_link":"https://www.youtube.com/watch?v=0mnm7rqH-L0"},
    {"id":6,"video_title":"Amusing facts about pandas","year":2008,"video_source":"AMUSEMENT","video_link":"https://www.youtube.com/watch?v=s5kg1oOq9tY"},
    {"id":7,"video_title":"China: The Largest Migration in History","year":2012,"video_source":"The Economist","video_link":"https://www.youtube.com/watch?v=KNXg-kYk-LU"},
    {"id":8,"video_title":"Corruption is Legal in America","year":2015,"video_source":"RepresentUS","video_link":"https://www.youtube.com/watch?v=5tu32CCA_Ig"},
    {"id":9,"video_title":"Does the American Economy Do Better Under ?","year":2014,"video_source":"The Economist","video_link":"https://www.youtube.com/watch?v=CtKC2_xiAps"},
    {"id":10,"video_title":"Does this Line Predict America's Next Recession?","year":2019,"video_source":"The Economist","video_link":"https://www.youtube.com/watch?v=oW4hfaiXKG8"},
    {"id":11,"video_title":"Donald Trump's $20 Trillion Problem","year":2017,"video_source":"Visual Capitalist","video_link":"https://www.youtube.com/watch?v=tgpfswDHA_Y"},
    {"id":12,"video_title":"Drug Use: 20 Things You Might Not Know","year":2012,"video_source":"The Guardian","video_link":"https://www.youtube.com/watch?v=dHyDviIkHB4&t=25s"},
    {"id":13,"video_title":"Earthquake Magnitude Power Comparison","year":2017,"video_source":"Reigarw Comparisons","video_link":"https://www.youtube.com/watch?v=DWFxIgv3Jc0"},
    {"id":14,"video_title":"Electric Cars Could Wreak Havoc on Oil Markets Within a Decade","year":2016,"video_source":"Bloomberg Quicktake","video_link":"https://www.youtube.com/watch?v=jwHN6QQWv2g&list=WL&index=124"},
    {"id":15,"video_title":"GE Capital Mid-Market ","year":2014,"video_source":"AccessGE EMEA","video_link":"https://www.youtube.com/watch?v=GJuK26FG4E4"}
]